"","variable","relative_importance"
"1","season",0.99999999834879
"2","resid",0.392000533540413
"3","temperature difference",0.269211936484343
"4","flow",0.992396008722211
"5","flow difference",0.885001669940103
"6","lunar phase",0.323939423313143
"7","hatchery",0.3104371401295
