"","variable","relative_importance"
"1","season",0.998557340429204
"8","hatchery",0.929888778832595
"2","temperature difference",0.616860355968035
"7","photoperiod difference",0.444925743429315
"4","flow difference",0.312865597619562
"5","lunar phase",0.274303782465612
"6","residuals",0.267174586087168
"3","flow",0.261433534453458
